filename,label
aaapwqhxli.mp4,0.29296064376831055
aabqcugcpc.mp4,0.05259092524647713
aabyjxwqyo.mp4,0.9227520227432251
aacehwwzol.mp4,0.6731217503547668
aacmrrcpmr.mp4,0.9358564019203186
aacweweyzz.mp4,0.8235195279121399
aadvqhdtxl.mp4,0.9388543367385864
aaeflzzhvy.mp4,0.9853578805923462
aaeucwtkdx.mp4,0.9525614380836487
aaferzprat.mp4,0.6628987193107605
aafuphyhpt.mp4,0.9176049828529358
aaghqpewzx.mp4,0.9539688229560852
aagsmskgyw.mp4,0.3731197416782379
aagundkpoh.mp4,0.9230055809020996
aahkgsltxw.mp4,0.9129579067230225
aahzjreawd.mp4,0.9681376218795776
aaiqsitvnd.mp4,0.9612866640090942
aaivbtdyjn.mp4,0.11691559106111526
aaixesxaoj.mp4,0.8622101545333862
aajnpdqnlz.mp4,0.5344664454460144
aakjdfqwnu.mp4,0.8685690760612488
aakjukgjme.mp4,0.19734936952590942
aakkhbgnjp.mp4,0.38935670256614685
aakzzdrumy.mp4,0.8244706988334656
aalhdlexwx.mp4,0.7370052933692932
aalkxecnzm.mp4,0.6442769169807434
aamjfukxwp.mp4,0.1589445322751999
aamvplpjbw.mp4,0.9390698671340942
aaonlmxhne.mp4,0.9715859293937683
aarrrzwibf.mp4,0.8893340229988098
aarsgjbafv.mp4,0.6113738417625427
aaszqdbdtk.mp4,0.5760791301727295
aatgqvvrta.mp4,0.9236231446266174
aatstfrpio.mp4,0.9554992318153381
aattrykxcr.mp4,0.7667275667190552
aavnkpdeaw.mp4,0.7322145104408264
aavuzodiub.mp4,0.7352690100669861
aavvshwqnn.mp4,0.9125829935073853
aawddjkkoz.mp4,0.24906012415885925
aawkmrlilr.mp4,0.8371971249580383
aawvkuxypy.mp4,0.2636963725090027
aaxrduwhbi.mp4,0.8553767800331116
aayuqaacef.mp4,0.8255729675292969
aayyqrkmow.mp4,0.44619977474212646
aazbmyxkzg.mp4,0.9637041091918945
aazkzzkbns.mp4,0.8587385416030884
aazsugjvjk.mp4,0.928230881690979
abacmovtxb.mp4,0.9549638032913208
abbhzhtjru.mp4,0.8844976425170898
abbniyapop.mp4,0.8962692618370056
abcrqrbwih.mp4,0.30848395824432373
abcwetphux.mp4,0.771769642829895
abdgairkrk.mp4,0.6543110609054565
abdqmdklio.mp4,0.9419108629226685
abepvlivgr.mp4,0.1494757980108261
abevkjwulb.mp4,0.9496048092842102
abfnyenqdw.mp4,0.38809287548065186
abfwqxqcim.mp4,0.8967126607894897
abganitbvj.mp4,0.6572729349136353
abgmiyhtth.mp4,0.9240168333053589
abgrdkbhch.mp4,0.9282271265983582
abgzebtpyw.mp4,0.9855839610099792
abhdaoikio.mp4,0.9755611419677734
abhlupreiy.mp4,0.9865243434906006
abhssqzhxu.mp4,0.43723154067993164
abhzleejiv.mp4,0.7263826727867126
abiihwztdo.mp4,0.11741510778665543
abiyemtwhw.mp4,0.8259444832801819
abjeigrfib.mp4,0.9268398880958557
abjhsmfczh.mp4,0.9460284113883972
abjkxgezpu.mp4,0.9179926514625549
abjqjcvhwe.mp4,0.14507275819778442
abjsiiiydj.mp4,0.9382379055023193
abkclntljz.mp4,0.11093258112668991
abkepzubca.mp4,0.9292870759963989
abkjuustxy.mp4,0.7658419013023376
abkxlatant.mp4,0.9734224677085876
abkyekgdzs.mp4,0.7223985195159912
abmcjolywn.mp4,0.06819600611925125
abmdetdeok.mp4,0.9406021237373352
abnxwtqpya.mp4,0.7756668329238892
abpanedvow.mp4,0.09456585347652435
abqqjjoabz.mp4,0.8554415106773376
abrfkdizen.mp4,0.1567227989435196
abrzoxzceh.mp4,0.91318678855896
absbzgzmsf.mp4,0.9589229822158813
abshlmrtvt.mp4,0.1462220847606659
absujvyrdm.mp4,0.056485068053007126
abteztchqz.mp4,0.8317248821258545
abtrcaikve.mp4,0.3823287785053253
abtwfjsdra.mp4,0.9338397979736328
abvbbhojqz.mp4,0.8428837656974792
abvpqidzxi.mp4,0.182047501206398
abwadcxlmj.mp4,0.6818134188652039
abwijcvcbe.mp4,0.9368752241134644
abwlafapkf.mp4,0.8591709733009338
abwvxlfyvh.mp4,0.8445506691932678
abxqxkuktx.mp4,0.8442215919494629
abxxxaobry.mp4,0.8923536539077759
abydcbpvfl.mp4,0.8749057054519653
abyewytpxo.mp4,0.9846611618995667
abzdscofnz.mp4,0.843471348285675
abzkaeazro.mp4,0.9427649974822998
abzkauwmbl.mp4,0.05179866403341293
acanmekatk.mp4,0.8917679786682129
acbkbblbaj.mp4,0.11393948644399643
acbnunfplf.mp4,0.9386855363845825
acboheogok.mp4,0.943021833896637
acbztojjhi.mp4,0.750269889831543
accfrqkrni.mp4,0.9573746919631958
acckjqyxad.mp4,0.7316675782203674
accnrseufh.mp4,0.057656969875097275
acdichcibo.mp4,0.07720959186553955
acdinqwqvn.mp4,0.3894807696342468
acdsdxwpcv.mp4,0.10189397633075714
acdzvbtfpo.mp4,0.7327445149421692
acekdubprv.mp4,0.9251078367233276
acekgkqgdg.mp4,0.6840131282806396
acekqocukw.mp4,0.9596534371376038
acerazhyvo.mp4,0.9198533296585083
acesusftoa.mp4,0.5346812009811401
acfaxepklq.mp4,0.3949648439884186
acfontkfbh.mp4,0.08661617338657379
acfwxwjowu.mp4,0.9843617677688599
acgdmcpqoe.mp4,0.2018556147813797
acgnyiipuz.mp4,0.9119420647621155
acgwaylwzk.mp4,0.09859924018383026
acgyspwyqr.mp4,0.9749639630317688
achejkrwas.mp4,0.9283266663551331
achekamhkd.mp4,0.23837798833847046
acirmhvmqj.mp4,0.47063300013542175
aciukwyoli.mp4,0.5140914916992188
aciymzujzb.mp4,0.9538297653198242
acjwdlpzob.mp4,0.5748967528343201
acjwolqjgw.mp4,0.8663635849952698
acjxjweexj.mp4,0.961344301700592
acldlsznmw.mp4,0.4862075746059418
acledardkp.mp4,0.45017796754837036
aclrropsvm.mp4,0.5789151191711426
acmclypsqv.mp4,0.5
acnneviedl.mp4,0.08639691025018692
acnxphmsks.mp4,0.8208544254302979
acojangjjl.mp4,0.9135300517082214
acokjaojew.mp4,0.03345819562673569
acolsfrwgj.mp4,0.1492609828710556
acovzzymlu.mp4,0.9834845662117004
acpdtcpguj.mp4,0.9144617915153503
acqawykwfs.mp4,0.9183337092399597
acqpwmuogz.mp4,0.8933289647102356
acquouyxco.mp4,0.9148315191268921
acrlghmrkp.mp4,0.1528472602367401
acsgqmpdez.mp4,0.9876019954681396
actjhhywdl.mp4,0.48135656118392944
acubjjdopy.mp4,0.13867752254009247
acvfwpmvrw.mp4,0.9249482750892639
acvmhbulie.mp4,0.7183802723884583
acvsdjaqqq.mp4,0.9133760929107666
acwbuvznwf.mp4,0.9578319787979126
acwctvmnlq.mp4,0.08155585825443268
acwegmlcgs.mp4,0.7407163977622986
acwgeumyoy.mp4,0.595729649066925
acwrjqrixb.mp4,0.9509519934654236
acwyzobqer.mp4,0.9316847324371338
acxullwnzh.mp4,0.31610655784606934
acyjzyuamp.mp4,0.100117988884449
acyvqflqkv.mp4,0.05868053808808327
acyybfjpmd.mp4,0.900749921798706
aczlzylqpq.mp4,0.8555970191955566
adalaxvwfv.mp4,0.8865788578987122
adamtvkcrt.mp4,0.790521502494812
adaodkocvq.mp4,0.05859528109431267
adblmfjbta.mp4,0.49197062849998474
adbseuwqjt.mp4,0.8820851445198059
adcejihrnp.mp4,0.49369940161705017
adcomakgmc.mp4,0.5586955547332764
adcxgttehe.mp4,0.09740141034126282
addewzbsic.mp4,0.4496016204357147
addmkzupjn.mp4,0.9297624230384827
addsdoqtzo.mp4,0.8854036331176758
adetbwujux.mp4,0.9879209399223328
adfufsvmcl.mp4,0.9330178499221802
adfzvplbky.mp4,0.9833693504333496
adgpcfwhtf.mp4,0.9167003035545349
adgybhytzs.mp4,0.8124173879623413
adhmuoxxhp.mp4,0.9149258732795715
adjeohbzmp.mp4,0.8622443675994873
adjwiqxrfp.mp4,0.49897074699401855
adkbiscuoo.mp4,0.04532603174448013
adkmserist.mp4,0.2778816223144531
adkvpprwcz.mp4,0.8860586285591125
adlbyccevz.mp4,0.8918983936309814
adlrcdmybm.mp4,0.22069337964057922
adltvboxxd.mp4,0.8807412981987
adnlomirjs.mp4,0.8405374884605408
adovxmilsk.mp4,0.8365030884742737
adplentlpv.mp4,0.9408003687858582
adprkekziz.mp4,0.8761360049247742
adqgbsyomi.mp4,0.0711437463760376
adqirczghu.mp4,0.948398232460022
adrcjenxlz.mp4,0.20892691612243652
adrkthanlb.mp4,0.8604846000671387
adrqlckutl.mp4,0.9773489236831665
adrxofhuxi.mp4,0.5077084302902222
adsxwxeibr.mp4,0.931052565574646
adtavmdgvg.mp4,0.10769109427928925
adtftvevja.mp4,0.9784107208251953
advhlnfwag.mp4,0.9558210968971252
advyjmiozx.mp4,0.7747136354446411
adwujlygpp.mp4,0.1436072140932083
adxeuzvvzb.mp4,0.10752511024475098
adxkyxkepg.mp4,0.702114462852478
adyhhmmvxb.mp4,0.9178973436355591
adyiotxxxu.mp4,0.7198633551597595
adylsrnsan.mp4,0.865056574344635
adzpdfkzaj.mp4,0.5067777633666992
aebhowazav.mp4,0.7219439148902893
aebkhtsigw.mp4,0.023481545969843864
aebrgxdalw.mp4,0.9378151893615723
aebybbzzdp.mp4,0.8375841975212097
aectxtnhws.mp4,0.5017654895782471
aecunwnmcw.mp4,0.025024928152561188
aedcdpbyhq.mp4,0.7427908778190613
aednqykqfh.mp4,0.931559681892395
aeeesixhlh.mp4,0.7732172608375549
aeejycxkwb.mp4,0.9899999499320984
aeepmwyhkk.mp4,0.9666327834129333
aefjjvlmfe.mp4,0.9375406503677368
aefpqqxvbe.mp4,0.8751766085624695
aefxispfct.mp4,0.8986781239509583
aegeiboeus.mp4,0.3897770047187805
aegmpmgpje.mp4,0.907821536064148
aeiagzdnun.mp4,0.8271321654319763
aeicdssqro.mp4,0.8982834815979004
aejqcnyktk.mp4,0.8317177891731262
aejtmxrtxs.mp4,0.8288558125495911
aekosfipob.mp4,0.9084275364875793
aekrohihxa.mp4,0.6492140889167786
aelegvxesy.mp4,0.9201603531837463
aemfpfwron.mp4,0.9424036741256714
aenbgyszpv.mp4,0.19442260265350342
aendggysgf.mp4,0.9418392181396484
aenfqtmksu.mp4,0.9453650116920471
aenrudespm.mp4,0.8296786546707153
aeolxtsnfc.mp4,0.14807476103305817
aeoxlkxmyj.mp4,0.09120124578475952
aepixllcqi.mp4,0.7664845585823059
aeplbqxnge.mp4,0.8698495030403137
aeqslfyyih.mp4,0.9518746733665466
aerabkktdg.mp4,0.9073276519775391
aerpisvqwx.mp4,0.8263348340988159
aetpnobkcv.mp4,0.9515196084976196
aeujbvkafe.mp4,0.9209607243537903
aevbmlbayq.mp4,0.15312470495700836
aeviyhvand.mp4,0.8828345537185669
aevpdbbxoh.mp4,0.7375409007072449
aevqxxxhno.mp4,0.9105176329612732
aevxvajusj.mp4,0.6721203327178955
aewaxxdbjk.mp4,0.7983232736587524
aewkzkqmqj.mp4,0.7020295262336731
aexkdsocpo.mp4,0.7247751355171204
aexrhjvlfa.mp4,0.5609723329544067
aeydtyokjq.mp4,0.9308179616928101
aeyvvhevxe.mp4,0.19192197918891907
aeziwslgvt.mp4,0.9237871170043945
aezndieatk.mp4,0.5552219748497009
aezujunliw.mp4,0.8975359201431274
aezyoffjsd.mp4,0.8939611911773682
aezyquwuci.mp4,0.9407997727394104
afadqgujvi.mp4,0.8620163798332214
afaduxukbd.mp4,0.058650948107242584
afakjxsove.mp4,0.8564432263374329
afatmolcby.mp4,0.966866672039032
afaxsgqksm.mp4,0.8520470261573792
afbscszraw.mp4,0.9055616855621338
afbxszoeml.mp4,0.6302967071533203
afchfngwuj.mp4,0.08108539879322052
afcldghkid.mp4,0.8155235052108765
afcwvndury.mp4,0.21550925076007843
afemctlakq.mp4,0.9600232839584351
afeqcmrcww.mp4,0.9049051403999329
afetvyxndy.mp4,0.8417460322380066
affymoposl.mp4,0.6030542254447937
afgmszwvvg.mp4,0.9423854351043701
afhbouinds.mp4,0.9041979908943176
aficsrypiz.mp4,0.9876223206520081
afigzzlags.mp4,0.8978546261787415
afixxjdxef.mp4,0.8833361268043518
afjiqyggtd.mp4,0.7491865754127502
afkufwvefm.mp4,0.9806475043296814
aflonsoyfh.mp4,0.9560384750366211
aflspexpuy.mp4,0.9587934613227844
afmopoanwn.mp4,0.9206136465072632
afnkxiexxj.mp4,0.9332894086837769
afnzlmwxjr.mp4,0.9501253366470337
afolgdwiix.mp4,0.36907073855400085
afoqnvmfza.mp4,0.9561792612075806
afpjojmsxq.mp4,0.9293261766433716
afplylzzji.mp4,0.9611720442771912
afpqokzmev.mp4,0.46574193239212036
afqatecrhd.mp4,0.8283211588859558
afqaubpglg.mp4,0.895513653755188
afrdmyapxj.mp4,0.9425801634788513
afrwahmczi.mp4,0.9440876841545105
afslhsyvcg.mp4,0.9270528554916382
afttgbsiqt.mp4,0.768847644329071
afuskeckyt.mp4,0.06289851665496826
afuvfbnutt.mp4,0.9150955677032471
afvbadakux.mp4,0.9334131479263306
afvbnsjcyu.mp4,0.8562029600143433
afvlrevses.mp4,0.8210096955299377
afwakzqdin.mp4,0.9404765367507935
afwnbrjjpz.mp4,0.37091585993766785
afwxvdwyuc.mp4,0.7876309156417847
afxuuxmywr.mp4,0.9256849884986877
afynesbqqg.mp4,0.9304359555244446
afyywbpmoh.mp4,0.8660799264907837
afzahsqjgi.mp4,0.9602035284042358
afztrudtkd.mp4,0.9265927672386169
agapxbbgnu.mp4,0.8358511328697205
agaqxbgman.mp4,0.0793992429971695
agayctninz.mp4,0.9303721785545349
agbcymftvq.mp4,0.9418179988861084
agblhurdrh.mp4,0.9023659825325012
agbpetxkrk.mp4,0.8834969997406006
agcdaizeff.mp4,0.8911126852035522
agcmwyvauk.mp4,0.0771089494228363
agcoyyzeju.mp4,0.03986173868179321
agdevdgwsm.mp4,0.4642224907875061
agdgtimgdl.mp4,0.8997159004211426
ageronljbq.mp4,0.9754928946495056
agfivzlsgp.mp4,0.8870300650596619
agfwadzxld.mp4,0.9185724258422852
agfyfocump.mp4,0.6109527349472046
agfzapmdwv.mp4,0.8443771600723267
aggbmxhrgs.mp4,0.03058716654777527
aggiycwmvz.mp4,0.4793553054332733
aggpkjygfy.mp4,0.9551072716712952
aghcwdjoye.mp4,0.9334034323692322
aghjtpfofw.mp4,0.97133469581604
aghqistaok.mp4,0.885979175567627
agigxglzjk.mp4,0.8887450695037842
agiwssahrz.mp4,0.8364834785461426
agklhwhjog.mp4,0.6621389389038086
agkpbfcpiv.mp4,0.9229980111122131
agktbbxwla.mp4,0.9097811579704285
agkvcuntqw.mp4,0.6486706733703613
aglqdsqmim.mp4,0.8614380359649658
agmnmsiywb.mp4,0.8836621046066284
agnvcwmsli.mp4,0.04662616178393364
agomxvsluh.mp4,0.7198716402053833
agplobkyci.mp4,0.04841507598757744
agpvkgrgyj.mp4,0.6650240421295166
agraudgvee.mp4,0.627164900302887
agrdrmjtrq.mp4,0.29701173305511475
agscxjuzvp.mp4,0.9611085057258606
agsjaljtfp.mp4,0.9207760691642761
agsotutjdj.mp4,0.8555842041969299
agsvesfhlc.mp4,0.9224396347999573
agswjtuhss.mp4,0.1411556899547577
agswocdgzj.mp4,0.912317156791687
agtxxhgqyw.mp4,0.4025849401950836
aguwbmeuzu.mp4,0.08994819223880768
aguxpzvexp.mp4,0.9513269662857056
agvggvwpgw.mp4,0.8938196301460266
agvncgirex.mp4,0.641437828540802
agvqqmsyvo.mp4,0.9041863679885864
agwbtwcwwq.mp4,0.9296886324882507
agwonnvtov.mp4,0.9127205014228821
agwrmbdcom.mp4,0.2876299321651459
agyawnxlmv.mp4,0.3300006091594696
agycsxhdjp.mp4,0.4598078727722168
agyozdhdga.mp4,0.03184348717331886
agyrefuzye.mp4,0.8513882756233215
agzkdngoop.mp4,0.9609776139259338
agzpasxmwv.mp4,0.8907065987586975
ahalqtfixi.mp4,0.8488776087760925
ahanoygyei.mp4,0.03793918713927269
ahbdzvywry.mp4,0.697837233543396
ahbfnhuner.mp4,0.7485514879226685
ahbrmguujk.mp4,0.9297546744346619
ahccdihrje.mp4,0.8460496664047241
ahcptgydid.mp4,0.45232832431793213
ahdegpidyf.mp4,0.2554999887943268
ahencqpiin.mp4,0.8291288614273071
ahepenxrrd.mp4,0.8976289629936218
ahfndeqsed.mp4,0.9049990177154541
ahfpwhmsok.mp4,0.9513615369796753
ahfqnhrmbd.mp4,0.9432427883148193
ahfvmgltlg.mp4,0.9560137391090393
ahhjoedhbf.mp4,0.7867040634155273
ahhvwmilvv.mp4,0.7859528064727783
ahihejgaoi.mp4,0.9402602314949036
ahjankljtz.mp4,0.8876174688339233
ahjeixrwwo.mp4,0.905573844909668
ahjgsdsldx.mp4,0.8502989411354065
ahkbgzabfg.mp4,0.8444898128509521
ahkcchuwqq.mp4,0.934624195098877
ahlkrjkpvd.mp4,0.9480160474777222
ahnbazrjlj.mp4,0.9391658306121826
ahnhwpxegb.mp4,0.7789043188095093
ahnsqjtrce.mp4,0.9580051302909851
ahoqopgaey.mp4,0.9842342138290405
ahorlqgstq.mp4,0.0754055455327034
ahoyonpatk.mp4,0.9801632761955261
ahpaydsovz.mp4,0.895605206489563
ahpnrwwibe.mp4,0.04004142805933952
ahpomwuuqc.mp4,0.9192982912063599
ahqausishe.mp4,0.9488312005996704
ahqoyfwmbj.mp4,0.9815329909324646
ahqwgdsqjn.mp4,0.08227674663066864
ahrroblasu.mp4,0.9123223423957825
ahtaeeesuo.mp4,0.1460224986076355
ahtkuwkjvc.mp4,0.9100701808929443
ahtrvxiaky.mp4,0.8512988686561584
ahujkugdci.mp4,0.8368284702301025
ahvatznenl.mp4,0.8640891909599304
ahvnjazgls.mp4,0.8551823496818542
ahvroxnbbr.mp4,0.8915098309516907
ahwyeumiuv.mp4,0.7780150175094604
ahxmhugdvi.mp4,0.9565962553024292
ahycbdxsmi.mp4,0.13992546498775482
ahyopyzjnc.mp4,0.8500691652297974
ahzfqirfkx.mp4,0.05847299471497536
ahzuhugjto.mp4,0.14294539391994476
aiaplmnzaz.mp4,0.602946937084198
aiaxrvlchq.mp4,0.8591353893280029
aiaxyavqce.mp4,0.914887011051178
aibcynuhkv.mp4,0.8909989595413208
aibxtmpppt.mp4,0.9298352599143982
aibyxmwvfw.mp4,0.9322208762168884
aifkdzbaoh.mp4,0.5940942764282227
aifuqnayux.mp4,0.24370883405208588
aigfuneurk.mp4,0.07673691213130951
aigncbayvh.mp4,0.9612627029418945
aigufxcoyu.mp4,0.9251455664634705
aigvwkmsmp.mp4,0.5714412927627563
aihnytdica.mp4,0.26632896065711975
aiibawuqtp.mp4,0.48276814818382263
aiihfyykkb.mp4,0.6329323649406433
aiiqqfaihm.mp4,0.9685922861099243
aijdqpqexk.mp4,0.971318781375885
aijegkeygj.mp4,0.9084429740905762
aijmlfesyw.mp4,0.0879964679479599
aijxucsclo.mp4,0.5675892233848572
aikcsvtwxj.mp4,0.053845226764678955
aildcyhkso.mp4,0.8521629571914673
ailhqhhqtl.mp4,0.9477035999298096
aimsrnwtvo.mp4,0.21039532124996185
aimvdfybka.mp4,0.9484928250312805
ainwxnaqlo.mp4,0.8903465270996094
aiovfueakc.mp4,0.25504860281944275
aipyyuyypd.mp4,0.614288330078125
aiqilfmklp.mp4,0.8959376811981201
aiqjrdcrzi.mp4,0.7058975100517273
airktntzqp.mp4,0.8564224243164062
airnsbszvn.mp4,0.8975363969802856
aisjmesfqi.mp4,0.9489241242408752
aithjjsyax.mp4,0.8068220615386963
aitoysnomk.mp4,0.13305889070034027
aiucrzbces.mp4,0.9007685780525208
aiuydkbjok.mp4,0.9355481266975403
aivslmwqcd.mp4,0.9219257831573486
aiyicetcoo.mp4,0.7208253741264343
aizcowqwmg.mp4,0.985098659992218
aizdhhesnq.mp4,0.6897718906402588
aizythrjcu.mp4,0.9390466809272766
ajajvcjnlm.mp4,0.879928469657898
ajbfsfwphp.mp4,0.8960391879081726
ajbmmkwnzf.mp4,0.5904003977775574
ajbtpylnqr.mp4,0.9404119253158569
ajbxbxcrdo.mp4,0.3877449035644531
ajcxyezjol.mp4,0.9565513134002686
ajflstmejh.mp4,0.9444090723991394
ajgilbyczx.mp4,0.8213927745819092
ajhezglysr.mp4,0.9006395936012268
ajhmvnssbb.mp4,0.10906366258859634
ajicammobe.mp4,0.8328162431716919
ajiljtvzao.mp4,0.15682673454284668
ajintjubct.mp4,0.9119324684143066
ajjnueuzlr.mp4,0.9564844369888306
ajkdcjnonp.mp4,0.08992492407560349
ajkfvjrqkh.mp4,0.9487864971160889
ajkrquvpzn.mp4,0.9438848495483398
ajmmfbufil.mp4,0.28106459975242615
ajmrksuirh.mp4,0.9066481590270996
ajmvszeaho.mp4,0.9170278310775757
ajmzpbtjqg.mp4,0.8413010835647583
ajnbiohajd.mp4,0.9604336023330688
ajnchhutru.mp4,0.9679656624794006
ajnzuiktuo.mp4,0.9275448322296143
ajoqxfuxhi.mp4,0.6999268531799316
ajplbzrmld.mp4,0.10702594369649887
ajpzditips.mp4,0.9143617153167725
ajtbogddxv.mp4,0.8669639229774475
ajtgkeqmiz.mp4,0.6474093794822693
ajtuiopeww.mp4,0.8895531892776489
ajuczobjuj.mp4,0.8227525353431702
ajuqldphwa.mp4,0.09244620054960251
ajwbewcmwi.mp4,0.8999698758125305
ajwegzsjwr.mp4,0.9376753568649292
ajwfztlkxy.mp4,0.8840097784996033
ajwiijfltt.mp4,0.9244045615196228
ajwqejboet.mp4,0.9602303504943848
ajwydwvzvb.mp4,0.8688070774078369
ajxfwvzifj.mp4,0.9763631224632263
ajxkpwjgsy.mp4,0.9157233834266663
ajxkvlpgov.mp4,0.903378963470459
ajxmlhcsqa.mp4,0.9120614528656006
ajxmoyqvmj.mp4,0.7654516696929932
ajxuotftix.mp4,0.679885983467102
ajxzupgmgo.mp4,0.8089621663093567
ajyexgaimz.mp4,0.9577521681785583
ajygfujjfi.mp4,0.9900000095367432
ajzzikvfrj.mp4,0.9555586576461792
akaaoybeeq.mp4,0.8910257816314697
akaqyxcfep.mp4,0.7776844501495361
akaxdmtnod.mp4,0.9281948804855347
akbkrvrvbs.mp4,0.8914836645126343
akbqkjuopj.mp4,0.16463187336921692
akcebajhgd.mp4,0.8884950876235962
akcjgnmrfr.mp4,0.9430932998657227
akcnpwdjjk.mp4,0.9771239757537842
akddowubef.mp4,0.19040095806121826
akdqrdkelr.mp4,0.966571569442749
akdvkdoyoh.mp4,0.1838710755109787
akfostnsgl.mp4,0.4780348241329193
akfzfrevcc.mp4,0.958158016204834
akgyyniqoz.mp4,0.9199225306510925
akhfhjgnnv.mp4,0.13936762511730194
akhpyauffl.mp4,0.8961029648780823
akhzndtglc.mp4,0.9255384206771851
akjimeoiox.mp4,0.793046772480011
akjumsnpsh.mp4,0.9637014269828796
akknskjakh.mp4,0.974124550819397
aklaysonru.mp4,0.9246488809585571
akmcyevhhf.mp4,0.8427528738975525
akmkcxguii.mp4,0.07831315696239471
akmteetttx.mp4,0.8224180936813354
aknblktwhg.mp4,0.977432131767273
aknrpivxgd.mp4,0.905475378036499
aknynjmtzb.mp4,0.9552949070930481
akpbyalynb.mp4,0.3676634728908539
akphckavlg.mp4,0.925358235836029
akrabxcbds.mp4,0.6291598677635193
aksipjcmaq.mp4,0.8655009865760803
aktakhpugu.mp4,0.8851480484008789
aktdcwdclx.mp4,0.1900883913040161
aktgcyeqeo.mp4,0.09168259799480438
akulaikjcg.mp4,0.9283877015113831
akulddirwt.mp4,0.8635419011116028
akupygwxyv.mp4,0.9755672216415405
akvcrttvvo.mp4,0.1100744977593422
akvcvafqwk.mp4,0.4833872318267822
akverwmrdo.mp4,0.7424394488334656
akviyudhhp.mp4,0.5449928641319275
akvmwrdseh.mp4,0.10821301490068436
akwjimvvzy.mp4,0.9785012006759644
akxtsuinpj.mp4,0.12215269356966019
akxztlfsks.mp4,0.9453035593032837
akyhfvfflu.mp4,0.9030040502548218
akyjotmrcu.mp4,0.6176541447639465
akyuzdjjvj.mp4,0.9687981009483337
akzctljlag.mp4,0.8909395337104797
alaqopxmhw.mp4,0.8985024690628052
alaxwpwdyb.mp4,0.7403723001480103
albmkgvkhm.mp4,0.8979254364967346
alceyaduzi.mp4,0.9733880758285522
alclpnubdd.mp4,0.8617027997970581
alddoocxqo.mp4,0.8039681315422058
aldnupmnka.mp4,0.8394730091094971
aldxnorbdp.mp4,0.7280956506729126
aledotxnmz.mp4,0.8908072113990784
aleiiisdzv.mp4,0.6912233233451843
alevzwjovd.mp4,0.9207313656806946
aleynhequh.mp4,0.6813783049583435
alezaywuxv.mp4,0.7272399067878723
alfoimlaul.mp4,0.8633922934532166
algcxuxkge.mp4,0.780470609664917
algkqmxdkj.mp4,0.9510068893432617
alidbnaydf.mp4,0.7946069240570068
aljukgvthe.mp4,0.9103894233703613
aljyahbmje.mp4,0.8346355557441711
alkeuibdtl.mp4,0.05251922085881233
alkhjykzhv.mp4,0.9742457866668701
allbpxjonx.mp4,0.46847257018089294
allzkplefm.mp4,0.9213441610336304
alpjodptvs.mp4,0.8180073499679565
alpmztosny.mp4,0.8382863998413086
alqbgeothz.mp4,0.9835017919540405
alqqvruble.mp4,0.8981655836105347
alrhucxcnv.mp4,0.06911921501159668
alrjjpkdwb.mp4,0.10662640631198883
alrtipudhw.mp4,0.9071624875068665
alrygoogve.mp4,0.9687209725379944
alseiqnfnc.mp4,0.982988715171814
altfvrpmxe.mp4,0.9598281383514404
altqelkpqj.mp4,0.8692280650138855
altsldzvrj.mp4,0.9090367555618286
altttvjaxx.mp4,0.8948164582252502
alunlwxvze.mp4,0.9584859609603882
alvbydoswv.mp4,0.8685095906257629
alveuecehk.mp4,0.674229621887207
alvqhgaeeu.mp4,0.8843978643417358
alvtzfofgl.mp4,0.4498295187950134
alvymawvku.mp4,0.9544984102249146
alwawapjwq.mp4,0.9308900833129883
alxhjctmkg.mp4,0.9566457271575928
alxiptcihe.mp4,0.6371493935585022
alxzfebwcx.mp4,0.8184833526611328
alybjlhtmt.mp4,0.9221817255020142
alygipvchi.mp4,0.9025668501853943
alypwytrnl.mp4,0.21061542630195618
alyxfsgfab.mp4,0.9894483685493469
alzajhomle.mp4,0.948429524898529
alzbizkswy.mp4,0.25771528482437134
alzoglbicl.mp4,0.8654659986495972
alzrreiirg.mp4,0.867423951625824
alzsiirjyn.mp4,0.2853456437587738
ambmklrhtt.mp4,0.9004943370819092
amckcjeoee.mp4,0.8733515739440918
amdflcvyaf.mp4,0.9417130947113037
amdkokqlfq.mp4,0.8484587669372559
amdlrymezn.mp4,0.6135000586509705
amdoecgegz.mp4,0.7826656699180603
amdomkmlov.mp4,0.7200432419776917
amdrqfyqgr.mp4,0.8951839804649353
amdsocyvfq.mp4,0.9203967452049255
amecqqixzs.mp4,0.8843279480934143
amgffqquxp.mp4,0.37865522503852844
amgvrxpnsj.mp4,0.8020204305648804
amhaovcmkc.mp4,0.04738268628716469
amiqkliwtf.mp4,0.5039288401603699
amivrvwesd.mp4,0.6429187655448914
amkhfybfxf.mp4,0.9837799072265625
amkvbktnmb.mp4,0.0511014349758625
amlkmjcbsg.mp4,0.9064105749130249
amlxclbtvg.mp4,0.8609012961387634
amlxxdddxe.mp4,0.9624577760696411
ammcdfkxfl.mp4,0.9486443400382996
ammsbhroun.mp4,0.8940058946609497
amnlztdajc.mp4,0.12842413783073425
amnzjdtmtg.mp4,0.2981046438217163
amocgevapl.mp4,0.9316092729568481
amooumaljz.mp4,0.8230963349342346
amoyritjif.mp4,0.9538658857345581
ampejireoy.mp4,0.06284429132938385
amptorfnua.mp4,0.9559445381164551
ampwuteugc.mp4,0.8602421879768372
amsrzsvcij.mp4,0.8085116147994995
amujoiikax.mp4,0.988139808177948
amukqwhssg.mp4,0.886366605758667
amumyipktv.mp4,0.9240462183952332
amvskovhei.mp4,0.6855469942092896
amwmnvuftj.mp4,0.9486450552940369
amwqklteuh.mp4,0.9337419867515564
amxeybwksq.mp4,0.6230126619338989
amxtgpskys.mp4,0.5470331907272339
amxuvbrmfj.mp4,0.8161566257476807
amzkbxslyy.mp4,0.9571220874786377
amzlsaeqee.mp4,0.9487469792366028
amzrqwbvqq.mp4,0.8646711111068726
anaagxljms.mp4,0.9228264689445496
anaykjgpmk.mp4,0.9122415781021118
anbkhkungt.mp4,0.8560465574264526
anbteaeopm.mp4,0.8844324350357056
andnipfbgy.mp4,0.10723090171813965
andzbwhpem.mp4,0.9858049750328064
aneiwfhzlo.mp4,0.9130606055259705
anfupdhmyr.mp4,0.41876959800720215
angajnjmxi.mp4,0.6132816076278687
angqjpzdts.mp4,0.972059965133667
angygvuwwn.mp4,0.9280259609222412
anitiqaike.mp4,0.4641071557998657
anjajlmrio.mp4,0.9448223114013672
anjlxbnxpo.mp4,0.7713900804519653
anjzjprypc.mp4,0.9519182443618774
anjzzdyhno.mp4,0.06495421379804611
ankeipmksk.mp4,0.9736934900283813
ankjkezbvp.mp4,0.7733269333839417
ankmhqwytc.mp4,0.8618903160095215
ankndwoptl.mp4,0.9385598301887512
ankyspxepw.mp4,0.7850348949432373
anldmbjxxt.mp4,0.294699490070343
anmonywvkk.mp4,0.6623673439025879
anmqqumghf.mp4,0.7820606827735901
annrepersn.mp4,0.5681289434432983
annsmfhdgk.mp4,0.0446244552731514
annxqhdget.mp4,0.9541513323783875
anokulqnvk.mp4,0.8655036687850952
anpptpyvxe.mp4,0.7152562737464905
anrerutgdg.mp4,0.45337924361228943
anrlivgkfq.mp4,0.9042953252792358
ansoiwvrqm.mp4,0.6009175777435303
antlihmfhm.mp4,0.958537220954895
antpydooxs.mp4,0.9562528729438782
antzbewqab.mp4,0.6659173965454102
anuwikwvow.mp4,0.9886314868927002
anvjqfsmcr.mp4,0.8230277299880981
anvlfhrwpv.mp4,0.9699668884277344
anvoqxldcw.mp4,0.9307394623756409
anvzovvyug.mp4,0.9185646772384644
anwgwhqtif.mp4,0.06429673731327057
anwjjhmbqt.mp4,0.17350374162197113
anwrkkclze.mp4,0.9500882625579834
anwtfblvbr.mp4,0.9143972396850586
anwxwllvfg.mp4,0.8961619734764099
anxeqgmacn.mp4,0.8012216687202454
anycsvryvs.mp4,0.08126910030841827
anyeaafmht.mp4,0.9497122168540955
anyhkuudjx.mp4,0.4473526179790497
anytvmbxsa.mp4,0.9797555208206177
anzenqcwqo.mp4,0.17711155116558075
anznjoyqhx.mp4,0.8577684164047241
anzukkbyvj.mp4,0.9242121577262878
anzwccijbl.mp4,0.7659258246421814
aoahphnoed.mp4,0.9601818919181824
aoaigusywb.mp4,0.9199440479278564
aoamhavbyb.mp4,0.8731175065040588
aoaqpznmgn.mp4,0.8206515908241272
aodheokfzn.mp4,0.9016388654708862
aodijlfnur.mp4,0.9543951749801636
aodjxpwsng.mp4,0.8979175686836243
aodpwamaqd.mp4,0.8202724456787109
aodqhsxdgk.mp4,0.8743875622749329
aodrcrvodk.mp4,0.98100346326828
aodscsqoyc.mp4,0.2998591363430023
aoeuvrhatp.mp4,0.4483928382396698
aoevmbkult.mp4,0.12638972699642181
aofijxylul.mp4,0.9398490786552429
aofjdfbvsf.mp4,0.7005135416984558
aofqqeiisz.mp4,0.9420472383499146
aogedidtxq.mp4,0.8420656323432922
aogeoiljkt.mp4,0.9125961661338806
aogsgxgjij.mp4,0.9404838681221008
aogwcxcdcv.mp4,0.8006449341773987
aohxiyjceo.mp4,0.9581379890441895
aoiejhrhmt.mp4,0.8219286799430847
aoigsecafe.mp4,0.4600677192211151
aojabqhgsp.mp4,0.14927509427070618
aojlfcewvk.mp4,0.9422371983528137
aokalwxzig.mp4,0.8084471225738525
aokgqgryat.mp4,0.15542343258857727
aolbdipqql.mp4,0.954413890838623
aolhuwcdwv.mp4,0.8751031160354614
aomdezxgzc.mp4,0.6564568877220154
aomhbqppxn.mp4,0.9053443074226379
aomowspatw.mp4,0.821130096912384
aomsunroqu.mp4,0.9083508253097534
aonfdzjsem.mp4,0.9736931920051575
aonprngsys.mp4,0.9444109201431274
aopirydans.mp4,0.6947487592697144
aopvrfrydo.mp4,0.932602047920227
aoqbcjoqjh.mp4,0.44231897592544556
aoqzxlwvmi.mp4,0.17673082649707794
aosmlwbjrc.mp4,0.9527676105499268
aouzlroqzt.mp4,0.9202050566673279
aovdrmcokm.mp4,0.9288833737373352
aovrlwlzpr.mp4,0.08428139239549637
aovruftlxk.mp4,0.06153064966201782
aovskzsqqy.mp4,0.8540013432502747
aoxcttbsju.mp4,0.2631594240665436
aoxjbzqjey.mp4,0.9783554077148438
aoxjeneofv.mp4,0.7886327505111694
aoxltdxgll.mp4,0.955424964427948
aoybdbmisp.mp4,0.8059626221656799
aoydavjcbz.mp4,0.21637003123760223
aoyoopetdx.mp4,0.1976752132177353
aoyvghuegg.mp4,0.8484207987785339
aozliqzela.mp4,0.9538744688034058
apansjedym.mp4,0.13015280663967133
apasrbjbwu.mp4,0.9204630255699158
apaubiovvf.mp4,0.9207326173782349
apaxorirnn.mp4,0.9253897666931152
apbjpqiswq.mp4,0.8521153926849365
apcjdaqzwa.mp4,0.5577709078788757
apcqyakznt.mp4,0.7139540910720825
apddumqkmt.mp4,0.7222907543182373
apdmamltet.mp4,0.9645933508872986
apdowqkvix.mp4,0.8473339676856995
apeeelwdlp.mp4,0.8858456611633301
apfcpcyonw.mp4,0.9714136123657227
apfdcxttpz.mp4,0.0838565081357956
apfgnkqiks.mp4,0.8875576257705688
apfribzdle.mp4,0.2525908648967743
apfwbpnetp.mp4,0.8772599101066589
apgbfczjzd.mp4,0.6071975827217102
apgbzciuhr.mp4,0.8738377690315247
apgqqohtno.mp4,0.8916571140289307
apgwlpvvwt.mp4,0.9110670685768127
aphwcjltag.mp4,0.9862189888954163
apifhdspiu.mp4,0.8834702968597412
apjovfzzft.mp4,0.7086240649223328
aplfgrenfv.mp4,0.941583514213562
aplurzejra.mp4,0.9259381294250488
apmowtywei.mp4,0.8531436920166016
apmoyovxid.mp4,0.5435239672660828
apmytvgnaj.mp4,0.9088051915168762
apnbrekjfa.mp4,0.7353377938270569
apnluiftyn.mp4,0.9613391160964966
apofytyhxk.mp4,0.9403896331787109
apojgziubj.mp4,0.9215790033340454
apowswlyzi.mp4,0.8089375495910645
appvffejyy.mp4,0.10829205065965652
aprtfacuwr.mp4,0.967376708984375
aprylcdijv.mp4,0.9192221760749817
apscwnwndu.mp4,0.8451797962188721
apsjgjohkd.mp4,0.9346947073936462
apswbbedxn.mp4,0.9307721257209778
aptjgrmarh.mp4,0.8361327648162842
aputskujlt.mp4,0.9458257555961609
apvhgeulvy.mp4,0.9710980653762817
apvktqqhcq.mp4,0.9060219526290894
apxcatgxts.mp4,0.8995014429092407
apxrqexuvg.mp4,0.54653000831604
apycffuwrg.mp4,0.5869462490081787
apyzikguhs.mp4,0.8759034872055054
apzltxnnfe.mp4,0.8704444766044617
apztusvlxo.mp4,0.8376894593238831
aqakglyrht.mp4,0.3626444637775421
aqaqgzihfa.mp4,0.5133160948753357
aqbcsxrsjx.mp4,0.2500237822532654
aqcajigjfm.mp4,0.7177020311355591
aqdgarsevm.mp4,0.0944671630859375
aqdnmfsdaw.mp4,0.9535349607467651
aqeecyhmzd.mp4,0.9408652186393738
aqegtqxxdj.mp4,0.9539464116096497
aqeukjoshi.mp4,0.5756824016571045
aqfeqkckjs.mp4,0.9015971422195435
aqfimhexfc.mp4,0.908503532409668
aqfknwdsjr.mp4,0.977063775062561
aqfnbkwyct.mp4,0.9857757687568665
aqfnfsbqft.mp4,0.07099523395299911
aqgjounhqv.mp4,0.10543584823608398
aqhaqkqbsn.mp4,0.8417278528213501
aqhbszcpal.mp4,0.8100352883338928
aqhlpyacll.mp4,0.35059747099876404
aqipkezofh.mp4,0.9769989848136902
aqixnwknzx.mp4,0.6829742193222046
aqjjfkydvf.mp4,0.4266335666179657
aqjpwskcci.mp4,0.9678731560707092
aqjzqcfosw.mp4,0.8583437204360962
aqkvqvmxta.mp4,0.6316940188407898
aqlfwgrjbg.mp4,0.7555415630340576
aqmdamzkzw.mp4,0.3881915807723999
aqmdrnrunl.mp4,0.7622813582420349
aqmzquqqzi.mp4,0.1032293364405632
aqoaolvbwr.mp4,0.1531892716884613
aqoiohqcbj.mp4,0.7304206490516663
aqooxilfzc.mp4,0.8318760395050049
aqozyybzlr.mp4,0.11551392078399658
aqpcbawfuc.mp4,0.8916332125663757
aqpfnbapix.mp4,0.8084438443183899
aqpgiwkfuc.mp4,0.5045393109321594
aqpjdjnvky.mp4,0.1327972710132599
aqqkokuaar.mp4,0.9428446888923645
aqquulzxpp.mp4,0.7076069712638855
aqrzuafttg.mp4,0.9009514451026917
aqsgzoxyok.mp4,0.16511140763759613
aqsjhodxqh.mp4,0.052848126739263535
aqsnonrndh.mp4,0.516412079334259
aqsoyqygky.mp4,0.0980214923620224
aqsrbioktt.mp4,0.938383162021637
aqtavzvdbv.mp4,0.6659002304077148
aqtwaoeacu.mp4,0.913823127746582
aqujbitkrd.mp4,0.8678386211395264
aquooykzmc.mp4,0.43274009227752686
aqvaysmpzk.mp4,0.22116397321224213
aqviuapbyq.mp4,0.6398491263389587
aqvjwcnmgn.mp4,0.8573318123817444
aqvywunszy.mp4,0.9154958724975586
aqwfpoewqb.mp4,0.3664184510707855
aqwfxoqtqu.mp4,0.9334648847579956
aqwziiggkr.mp4,0.0968354195356369
aqxqtiahts.mp4,0.4310254156589508
aqybwsiyfy.mp4,0.9439386129379272
aqyemwessu.mp4,0.3548860251903534
aqymrqseqg.mp4,0.30434346199035645
aqyqaqjvkr.mp4,0.8563002347946167
aqzbjebvhu.mp4,0.27999642491340637
aqzkiwfvlv.mp4,0.06631720066070557
aqzwjwqwuq.mp4,0.7956733107566833
arawwqrgxr.mp4,0.9296945929527283
arbeiwacbk.mp4,0.8929716944694519
arcigchzav.mp4,0.6836627721786499
ardfibzljb.mp4,0.09849047660827637
ardkbqszob.mp4,0.902082085609436
arebkvnjtb.mp4,0.9797936081886292
aretvijthh.mp4,0.11523930728435516
arfdnjtlop.mp4,0.8934487104415894
arflgfcnkg.mp4,0.866119384765625
argfibbhsp.mp4,0.9105955958366394
argpgzyddc.mp4,0.5652617812156677
argxbsvrps.mp4,0.6478410959243774
arhbstyqkw.mp4,0.9754440784454346
arhxaejjgk.mp4,0.5560528039932251
arixtqglae.mp4,0.9051289558410645
arjdbfrxvu.mp4,0.9184726476669312
arjhugbkjr.mp4,0.9237595796585083
arjihnnsxp.mp4,0.9080180525779724
arkvqylmce.mp4,0.9000419974327087
armthxafvt.mp4,0.8554784059524536
arnoeknrix.mp4,0.8642364144325256
arnshkdhmt.mp4,0.736411988735199
arnxqwlhhy.mp4,0.9489256739616394
arnynohkiq.mp4,0.7235779166221619
arovnvjxul.mp4,0.9686604738235474
arovusxbcb.mp4,0.3126600384712219
arowpzepzu.mp4,0.6186357736587524
arpkmdcyta.mp4,0.9166314601898193
arqadmwicu.mp4,0.040029581636190414
arqbrqbjtt.mp4,0.9738845825195312
arqhhrzzfe.mp4,0.6100017428398132
arqigrccnb.mp4,0.6305814385414124
arqkfspbhv.mp4,0.6601091623306274
arrflbwjau.mp4,0.9451455473899841
arruqttjtu.mp4,0.3385852873325348
arruxldloh.mp4,0.9711506366729736
arskgfjbig.mp4,0.9286276698112488
arstrttqeg.mp4,0.9432157278060913
arsyutncba.mp4,0.4043159484863281
artyhhqalj.mp4,0.9580824971199036
aruvraefdk.mp4,0.24733585119247437
aruyyclubn.mp4,0.8636391758918762
arvezfgabn.mp4,0.9098703861236572
arwefyghir.mp4,0.31640809774398804
arwiyweadv.mp4,0.08124949038028717
arxtdzaufb.mp4,0.9853642582893372
aryesdeggf.mp4,0.8173195719718933
aryxrnnlsr.mp4,0.9252825379371643
aryycfonig.mp4,0.9089245200157166
arzibochtu.mp4,0.943604052066803
arzmfjryua.mp4,0.9535750150680542
asaatlgelc.mp4,0.959545910358429
asabhwhxbh.mp4,0.860887885093689
asahxwzgiu.mp4,0.9187840819358826
asanbqerkb.mp4,0.9214463233947754
asarlqgmqi.mp4,0.919470489025116
asbrrnbkbn.mp4,0.6677163243293762
ascrpmppub.mp4,0.3501042127609253
asddammewq.mp4,0.22762034833431244
asdfeigenc.mp4,0.9620208740234375
asdinxfscu.mp4,0.9633015990257263
asdobemvhs.mp4,0.5499856472015381
asebjkxyih.mp4,0.6943417191505432
asetdhavnb.mp4,0.6273914575576782
asewdghwiy.mp4,0.16660815477371216
asewluvyef.mp4,0.4686487913131714
asezorxmhf.mp4,0.15324264764785767
asfdlwrfhj.mp4,0.9555139541625977
asfhofohez.mp4,0.9452781081199646
asgsjbpgdn.mp4,0.9560099244117737
asgzesadhh.mp4,0.41940873861312866
ashqrawqub.mp4,0.6883673071861267
ashuwsyjoy.mp4,0.6178846955299377
asiuftijhs.mp4,0.9355621933937073
asiwswrgnh.mp4,0.8693881034851074
asiwzzmvey.mp4,0.9893890619277954
asjekccfmc.mp4,0.9093707203865051
asjwojmbtw.mp4,0.8460853099822998
askalizlde.mp4,0.9766305088996887
askbwhvcty.mp4,0.9807854890823364
askydwekiz.mp4,0.6730515956878662
aslagfljgq.mp4,0.21714407205581665
aslokfrsbj.mp4,0.823347806930542
aslxmgtptv.mp4,0.8827863335609436
asmturwvvg.mp4,0.5391476154327393
asnhojocyk.mp4,0.9666857719421387
asokwizksz.mp4,0.8449151515960693
asopsoelan.mp4,0.09474439173936844
asownnwcfl.mp4,0.08999675512313843
aspqeufuad.mp4,0.9372912049293518
aspxqtipuv.mp4,0.7831978797912598
asquqxqfgt.mp4,0.9166219830513
asrdxfgoax.mp4,0.05932343006134033
asrqbwjtvi.mp4,0.8246168494224548
asrqdjylvs.mp4,0.5787786245346069
assetebyvu.mp4,0.5786148309707642
asswuixayc.mp4,0.9832942485809326
astmemhkkb.mp4,0.9327206611633301
astngczbtb.mp4,0.892953634262085
astsglvnfu.mp4,0.9628346562385559
astycpcvjv.mp4,0.9206930994987488
asunvzmjhu.mp4,0.8969535827636719
asusdwxyxp.mp4,0.731523334980011
asvuutypvz.mp4,0.9426330924034119
asvzmbozcs.mp4,0.9162337779998779
aswennsiif.mp4,0.8801497220993042
aswtwwuiva.mp4,0.8368985056877136
asyjnjjldz.mp4,0.8616084456443787
asyngyvjas.mp4,0.9123199582099915
asytpbwdda.mp4,0.8796616196632385
aszpchzkyg.mp4,0.7264452576637268
aszpjdkvys.mp4,0.7824365496635437
aszsocbkpa.mp4,0.9170215129852295
atabwvdlhh.mp4,0.6553763747215271
atafcwjaia.mp4,0.8811644911766052
atahzrvlsa.mp4,0.8823087811470032
ataynkhdcf.mp4,0.7878603935241699
atcvvcoejg.mp4,0.03865615651011467
atdhxneulh.mp4,0.9861888289451599
atdtoujvdc.mp4,0.5156645178794861
atdwnhxgoe.mp4,0.896440327167511
atedpzfvyf.mp4,0.07370566576719284
ateeagebpq.mp4,0.9457998871803284
ateioktfar.mp4,0.8041622638702393
atfajwqeit.mp4,0.9223126173019409
atfocoqgmu.mp4,0.9234709143638611
atfsetbxac.mp4,0.9352577328681946
atfuphvjft.mp4,0.8272433876991272
atgawbaspu.mp4,0.8946751952171326
atgfhmgkjo.mp4,0.9513777494430542
atglxemkyw.mp4,0.9248553514480591
athaasdqvu.mp4,0.9281113147735596
athhvgvtxe.mp4,0.9661718010902405
athlwavnyb.mp4,0.9239179491996765
athwwvrhcv.mp4,0.84441077709198
atigpbfytt.mp4,0.9180675745010376
atixaudngu.mp4,0.16771483421325684
atjrilmghp.mp4,0.915055513381958
atksribkip.mp4,0.9550777077674866
atkvnzjywz.mp4,0.7142549157142639
atlgptyibs.mp4,0.06691014766693115
atlinzpgiq.mp4,0.9728043079376221
atmalptsdf.mp4,0.7927247881889343
atmjyaldyf.mp4,0.9098981618881226
atmqdcgwaj.mp4,0.31093630194664
atndkfaexa.mp4,0.3304617702960968
atoeqixpui.mp4,0.6948111057281494
atoguadykn.mp4,0.9767129421234131
atorvfmqtw.mp4,0.8983367681503296
atpavsukgc.mp4,0.7384437918663025
atptcqosxk.mp4,0.8924808502197266
atqiwttwse.mp4,0.8449745178222656
atqtjhcjok.mp4,0.30220088362693787
atrcstuvme.mp4,0.5643418431282043
atrelvkevy.mp4,0.16119390726089478
atrfdylqcc.mp4,0.8392771482467651
atrssikhoy.mp4,0.06873377412557602
atsoxhthal.mp4,0.8769679069519043
atsqpfujai.mp4,0.9678072929382324
atsxbvdqfb.mp4,0.12766313552856445
attmnksdst.mp4,0.9510847330093384
atuelqlopo.mp4,0.8853562474250793
atuevnkgvs.mp4,0.6877167820930481
atuydgvxda.mp4,0.900949239730835
atuzsraaul.mp4,0.07223184406757355
atvkhsmnpt.mp4,0.8742929697036743
atwjgmhfzb.mp4,0.9472618699073792
atwmgvaauf.mp4,0.8811187744140625
atwvfkjmzj.mp4,0.7988907098770142
atwxhnhtjr.mp4,0.9448751211166382
atxaywwsys.mp4,0.40738922357559204
atxnomscvq.mp4,0.584679365158081
atxtpvdiqh.mp4,0.8483498692512512
atxxrvpedy.mp4,0.8588557839393616
atydjyhqsv.mp4,0.38018879294395447
atyinggtpp.mp4,0.9132182002067566
atymuugcbc.mp4,0.7639948129653931
atyslhetzg.mp4,0.91396564245224
atywhotyfi.mp4,0.7322026491165161
atzdorfpoo.mp4,0.05389317125082016
atzsmxhbyd.mp4,0.9549112319946289
atzvxcgfmy.mp4,0.8839359879493713
auabdnhegy.mp4,0.9216462969779968
auaqihmsmu.mp4,0.3763391971588135
auaudezume.mp4,0.5858410596847534
aucfkadwgs.mp4,0.8465434312820435
aucmvckzax.mp4,0.2999480664730072
aucunewmkp.mp4,0.9461164474487305
audooqjxxn.mp4,0.0418221615254879
aufnlnndwk.mp4,0.9549983739852905
aufudlkirv.mp4,0.9487796425819397
aufuqdncad.mp4,0.36950695514678955
auhelqsolf.mp4,0.5625964403152466
auhhhfprkw.mp4,0.8315480947494507
auhrezixau.mp4,0.8707414269447327
auilwijuvo.mp4,0.4171164631843567
aujnmzqaae.mp4,0.7184609770774841
aujoxrpddn.mp4,0.06228329613804817
aujrpwwjtq.mp4,0.8967779874801636
aukfaxetvr.mp4,0.9491132497787476
aukznkpjqe.mp4,0.9782167077064514
aulmrfdiyo.mp4,0.9151108264923096
aultpoxkdl.mp4,0.9247661828994751
aulykluogb.mp4,0.9473262429237366
aumcclscze.mp4,0.856277346611023
aumgbezciw.mp4,0.9447638988494873
aumhehkisj.mp4,0.9473790526390076
aumsysgpsf.mp4,0.1601410210132599
aunbxjislr.mp4,0.9098519086837769
aunokqsmrt.mp4,0.07613453269004822
aunsxsgprx.mp4,0.08962897956371307
auoojxnyap.mp4,0.9152974486351013
aupsxowdcp.mp4,0.7087066173553467
aupunxljjw.mp4,0.235878124833107
auqgxmpfls.mp4,0.9686547517776489
auqlledwxt.mp4,0.06768391281366348
auticcvqlx.mp4,0.9192895293235779
auttzzzosj.mp4,0.5621659755706787
autwdwydhy.mp4,0.9323364496231079
auunxrgrox.mp4,0.9179478883743286
auviwvqttx.mp4,0.8919585943222046
auwljofebi.mp4,0.10829383879899979
auwxgkkipp.mp4,0.9287163019180298
auxnjvttgs.mp4,0.917138934135437
auxtpaboto.mp4,0.864371657371521
auykxzlgzj.mp4,0.8968983888626099
auyrrevsns.mp4,0.8693009614944458
auysreeedq.mp4,0.9809713959693909
auyyexggvm.mp4,0.8594400882720947
avabskjphz.mp4,0.8412261605262756
avaideasjj.mp4,0.6308116316795349
avcftqodfe.mp4,0.32514140009880066
avcyoqrqbg.mp4,0.8721094727516174
avczvisstl.mp4,0.773747980594635
avdvtlhcot.mp4,0.10317733138799667
avebrhzvyp.mp4,0.854889988899231
avfoukjslp.mp4,0.9880833625793457
avfvsddibv.mp4,0.6923009157180786
avfxgetfyn.mp4,0.7902167439460754
avgerywsmv.mp4,0.9021683931350708
avgrquoicj.mp4,0.951069176197052
avhdquzuwf.mp4,0.07753438502550125
avhldaimyf.mp4,0.9425824284553528
avjauiqsjy.mp4,0.7385218739509583
avjisfzhex.mp4,0.9449796676635742
avjsnsinzy.mp4,0.8310109376907349
avkelzfynk.mp4,0.9415560960769653
avkoyhjdcy.mp4,0.7582084536552429
avktbnnfct.mp4,0.6481591463088989
avlbihahvk.mp4,0.976841151714325
avliofdydx.mp4,0.8325148820877075
avlmfkyfzg.mp4,0.9055286645889282
avmemmaaor.mp4,0.4243758022785187
avmgyrjqzy.mp4,0.9330949187278748
avmrqfwizg.mp4,0.8674834370613098
avmtuoxxer.mp4,0.8696712851524353
avnxwfdjca.mp4,0.8303248286247253
avotaeqmvc.mp4,0.9215846061706543
avowqomohu.mp4,0.9414659738540649
avozobkkmm.mp4,0.941024124622345
avpuwxsjxc.mp4,0.07693358510732651
avpxiwwfwa.mp4,0.7594397068023682
avqxrnfzpd.mp4,0.7109605669975281
avqznmlvzs.mp4,0.7061984539031982
avrjnwyavl.mp4,0.9646084904670715
avrtgzyqjl.mp4,0.3270588517189026
avrwxtyoqg.mp4,0.946664035320282
avseaqfbeq.mp4,0.8519068956375122
avtdwylihb.mp4,0.8727141618728638
avteqdmbob.mp4,0.3336663544178009
avtsotbmxb.mp4,0.4744440019130707
avttogwbyz.mp4,0.16334767639636993
avubtwxvrc.mp4,0.9425365924835205
avujziraao.mp4,0.9066585898399353
avwabkfjnx.mp4,0.975212574005127
avwddhpjxw.mp4,0.6540377140045166
avwezsgvml.mp4,0.8129289746284485
avwyvjwuqf.mp4,0.7696972489356995
avxkxnaxfa.mp4,0.6985459327697754
avyxflippj.mp4,0.8598076701164246
awbjetawnf.mp4,0.9388924837112427
awcftwahcl.mp4,0.4616796672344208
awdrgjsmdm.mp4,0.9746251702308655
awelafarav.mp4,0.5141129493713379
aweoiozyrk.mp4,0.907776951789856
awfghdfcmz.mp4,0.8622652292251587
awfhtuiccr.mp4,0.9604451656341553
awfkuosrud.mp4,0.9195430874824524
awgdlcpsot.mp4,0.8944419026374817
awglcxxkdp.mp4,0.8580729961395264
awifeyjgpb.mp4,0.9014440178871155
awiusprppe.mp4,0.7657239437103271
awjtdulzbz.mp4,0.9128613471984863
awkkwnyswq.mp4,0.25153571367263794
awkothxqwq.mp4,0.9038873910903931
awkxwqfint.mp4,0.9858251214027405
awmvrsdttc.mp4,0.9738520383834839
awmydrvoez.mp4,0.8456132411956787
awpnjkemhd.mp4,0.9271702766418457
awrnfjkwxr.mp4,0.9156263470649719
awrvggbava.mp4,0.9629783630371094
awsceniain.mp4,0.12177406251430511
awsjaessrp.mp4,0.9427875876426697
awstgmezgy.mp4,0.9725781679153442
awtnxljuij.mp4,0.8962370753288269
awtuzutzcg.mp4,0.977476954460144
awuwcwcmry.mp4,0.872555673122406
awvnopdojm.mp4,0.18942706286907196
awvpnrmvuf.mp4,0.9465591311454773
awwdrhjncq.mp4,0.9249176383018494
awwexvkmil.mp4,0.05722375214099884
awwlbkyice.mp4,0.9173787236213684
awxbgxeldd.mp4,0.6980637311935425
awxzireppb.mp4,0.9484593868255615
awyccgauib.mp4,0.9175689220428467
awypqsjdfg.mp4,0.9530017971992493
awzgjaqzyu.mp4,0.9305804371833801
awzjpnfkwz.mp4,0.33645644783973694
awzxxaxccz.mp4,0.9336628913879395
axakrhimzr.mp4,0.9843400120735168
axatawveci.mp4,0.971386194229126
axbahffclw.mp4,0.9621996879577637
axbnxjivlr.mp4,0.8817843794822693
axbondvizf.mp4,0.12655654549598694
axbpgirutr.mp4,0.08671066910028458
axbwohvwap.mp4,0.6351945996284485
axcjfghdur.mp4,0.27264806628227234
axclxmvyxx.mp4,0.9611423015594482
axcyprvxsm.mp4,0.41479000449180603
axdepsfowg.mp4,0.0975014865398407
axdfevfyte.mp4,0.918475329875946
axdtpoftlh.mp4,0.9689850211143494
axfjqgpksd.mp4,0.919181764125824
axfquovbya.mp4,0.048892706632614136
axfqvtdpqn.mp4,0.7524049878120422
axfwtbbwyu.mp4,0.8290113806724548
axfzvnwvmk.mp4,0.6929917335510254
axihbxiqnf.mp4,0.9763110280036926
axizacykmi.mp4,0.8860864639282227
axjkknsbsd.mp4,0.6436529159545898
axkbdkcony.mp4,0.5122109055519104
axkuywcuzt.mp4,0.9467407464981079
axlsscylar.mp4,0.14821189641952515
axmhmxlked.mp4,0.9450405240058899
axmwuiabtk.mp4,0.7376274466514587
axnpuuknzw.mp4,0.05472154915332794
axnztobmfv.mp4,0.04976240545511246
axodysvnia.mp4,0.9035670757293701
axoohecyzz.mp4,0.8686321377754211
axopbbxwzr.mp4,0.9282439947128296
axpanprprj.mp4,0.9028554558753967
axppnromyo.mp4,0.8964418172836304
axpwfeomqt.mp4,0.9571948051452637
axqsgizzhg.mp4,0.9018021821975708
axriuvwgcm.mp4,0.860039472579956
axsgyeohxb.mp4,0.9518696665763855
axtfaxnnir.mp4,0.9092425107955933
axttznnysz.mp4,0.9301913976669312
axudxwpjpq.mp4,0.1146652027964592
axutpjywuu.mp4,0.1874082237482071
axvvrrujab.mp4,0.10705588757991791
axwvfkdsaq.mp4,0.9491878747940063
axxldpmbat.mp4,0.9136970043182373
axxojjcuzi.mp4,0.8868074417114258
axxvqwvryi.mp4,0.7793750166893005
axxxmqnvlo.mp4,0.875142514705658
axybfzwjou.mp4,0.9158137440681458
axyorvscnv.mp4,0.8765358328819275
axyzunnpvp.mp4,0.9376563429832458
axzxmjrvvi.mp4,0.5513389110565186
ayaklbufdz.mp4,0.9624298214912415
aybgtakzhf.mp4,0.9713704586029053
aybhjzvgsz.mp4,0.9424367547035217
aybozriclz.mp4,0.9388666749000549
aybqoonlol.mp4,0.9158434867858887
aybtugbqxp.mp4,0.905949592590332
aybxejnqxn.mp4,0.8244776129722595
aycgmkmvue.mp4,0.902778148651123
ayclhmjajg.mp4,0.91343754529953
aycrceahnh.mp4,0.9253217577934265
aycutytbxb.mp4,0.6018809080123901
aydxjkfuhk.mp4,0.924786388874054
ayehybcbfv.mp4,0.5779281854629517
ayeuasvmue.mp4,0.9330727458000183
ayfahboitj.mp4,0.8757081031799316
ayfauyvasg.mp4,0.9199461340904236
ayfsfcgwva.mp4,0.8709138631820679
ayghjyhjpa.mp4,0.9536854028701782
ayhabcqsat.mp4,0.5682330131530762
ayhblsodaz.mp4,0.9625521302223206
ayhhqjvchn.mp4,0.15186700224876404
ayhhyfamhc.mp4,0.8696399331092834
ayhljgasce.mp4,0.9441571235656738
ayijzcgmxu.mp4,0.9712859392166138
ayiqatefmh.mp4,0.9160411357879639
ayiyiznwnr.mp4,0.9041993021965027
ayjiviupgu.mp4,0.8725469708442688
ayjpsdziav.mp4,0.17942193150520325
aykytsanpx.mp4,0.932986855506897
ayldgxapih.mp4,0.9893643260002136
ayleocznjp.mp4,0.8069642186164856
aynvjgamgi.mp4,0.8152680397033691
ayodjtwutr.mp4,0.9684058427810669
ayojccmuqk.mp4,0.7896239161491394
ayoyqfyvxb.mp4,0.14751315116882324
ayozpzxgrg.mp4,0.5938147902488708
aypgpcgzzo.mp4,0.8870998024940491
aypljgeqag.mp4,0.2366795837879181
aypsslvabz.mp4,0.856721818447113
aypwdoupiz.mp4,0.9680147767066956
ayqetwwwjn.mp4,0.8770171999931335
ayququayvl.mp4,0.9376536011695862
ayregwfkuy.mp4,0.978384792804718
aystoolvlj.mp4,0.6303565502166748
aytalckkea.mp4,0.9128550291061401
aytjdeldie.mp4,0.9348813891410828
aytsnlflqn.mp4,0.7107847332954407
aytxkbrpck.mp4,0.9815969467163086
ayumdlbgzg.mp4,0.8944463729858398
ayuocwmzpm.mp4,0.7846569418907166
ayvcvqamlo.mp4,0.5701470375061035
ayvmlkbabt.mp4,0.1901182234287262
ayvmqddutg.mp4,0.9286544919013977
ayvnhxqifb.mp4,0.11665192246437073
ayvrrldwmy.mp4,0.9544949531555176
ayvydsmdys.mp4,0.7252192497253418
aywteojccm.mp4,0.9316356778144836
aywtqiwded.mp4,0.5927284955978394
ayxpdzgpui.mp4,0.04956664517521858
ayxwzqufmq.mp4,0.5999725461006165
ayyrltarjz.mp4,0.33853206038475037
ayyvovoqpq.mp4,0.2621334195137024
ayywxduatc.mp4,0.9150384664535522
ayyzuoklel.mp4,0.9418532252311707
ayzppalsno.mp4,0.8790086507797241
ayzrnuffie.mp4,0.8584133386611938
azaahiwadu.mp4,0.06118861213326454
azagqawgaz.mp4,0.9089813828468323
azarzgywrq.mp4,0.6002674102783203
azbcbbisho.mp4,0.9523256421089172
azbvekzerb.mp4,0.9084064364433289
azcdexfolm.mp4,0.986574649810791
azcdoycnpg.mp4,0.44067326188087463
azcsqgyuzb.mp4,0.9899234175682068
azcvdctoii.mp4,0.06920506060123444
azdgvgbgdv.mp4,0.5077646970748901
azdnpcxhcx.mp4,0.3352009654045105
azdqpyvtjf.mp4,0.09488224238157272
azducmbckk.mp4,0.4805716872215271
azdwparxng.mp4,0.9241235256195068
azexbcjrxd.mp4,0.9442221522331238
azgkuomhkg.mp4,0.5409275889396667
azgnidjfzl.mp4,0.6798837184906006
azgrvcvhzf.mp4,0.9396990537643433
azgvkbgvjm.mp4,0.9883142113685608
azhbacpvhg.mp4,0.10450973361730576
azhextpsam.mp4,0.9468286633491516
azhgwqmtmy.mp4,0.15730659663677216
azhhoprzju.mp4,0.8745092749595642
azivxiykdi.mp4,0.943362832069397
azjpqungtq.mp4,0.6849897503852844
azkdupbivt.mp4,0.5663689374923706
azkhkminwu.mp4,0.782642662525177
azkjdigcrp.mp4,0.7715128064155579
azmbudlmve.mp4,0.6295825242996216
azmheosoed.mp4,0.3588598966598511
azmirctgyh.mp4,0.9723827838897705
aznqgghqge.mp4,0.8743973970413208
aznsswvnxo.mp4,0.16431833803653717
azobkfldrm.mp4,0.7946851849555969
azozbmaple.mp4,0.8973825573921204
azpamhpoyy.mp4,0.6919190883636475
azpgkhnbfq.mp4,0.6987351179122925
azppkqhqpi.mp4,0.8991106152534485
azpsfbwwce.mp4,0.6158648133277893
azqmtcjxbk.mp4,0.9100922346115112
azrbqpomdw.mp4,0.8088975548744202
azrdwmzpqb.mp4,0.8760808110237122
azrltfcgki.mp4,0.9888214468955994
azropyxcjl.mp4,0.7968044877052307
azrovzeecz.mp4,0.08425534516572952
azseubmxrc.mp4,0.9607740044593811
azsizuhdse.mp4,0.32760146260261536
azsongfrbo.mp4,0.9841684103012085
azstxtuuqs.mp4,0.9037647247314453
aztadaceye.mp4,0.9012393355369568
aztfzimxkr.mp4,0.8911049962043762
azulfosmdg.mp4,0.7593683004379272
azuqfvasfq.mp4,0.9651051759719849
azvnmgesce.mp4,0.8047958612442017
azwqdbfqrd.mp4,0.08022213727235794
azwsqmaxmf.mp4,0.9328839182853699
azwusfxjmb.mp4,0.9147166013717651
azwwrvjyyp.mp4,0.9780982136726379
azwxpyysde.mp4,0.35922011733055115
azxheumhku.mp4,0.7271866202354431
azxmphhunl.mp4,0.5564923286437988
azxxenkicg.mp4,0.5673141479492188
azxzqxskzm.mp4,0.2313016653060913
azydlgxdym.mp4,0.8522123694419861
azylwizjmc.mp4,0.9208373427391052
azyqrdeoew.mp4,0.15659357607364655
azzgrltpvu.mp4,0.8828920722007751
azzhropiql.mp4,0.9152211546897888
azzpwoedpk.mp4,0.9187682867050171
azzxjriydb.mp4,0.6512322425842285
baajwwebva.mp4,0.9208069443702698
baarzfneac.mp4,0.9527314305305481
bacndmsxqj.mp4,0.9416956305503845
bacrfnbhvo.mp4,0.9847955703735352
bactcvwhqk.mp4,0.8324794769287109
baeoscgqoe.mp4,0.8619771003723145
bafievwatz.mp4,0.9435244202613831
bagkrkxqcp.mp4,0.09700147062540054
baheacsakw.mp4,0.865839958190918
bahgibkjek.mp4,0.9260430335998535
baiefifser.mp4,0.9117876887321472
baixgpvwme.mp4,0.9369853734970093
bajfrpmupx.mp4,0.6548675894737244
bajmqwxtxp.mp4,0.8926351070404053
baktdytfjl.mp4,0.9505128860473633
balgcurscn.mp4,0.9264011979103088
balwrahloa.mp4,0.9051373600959778
balxxkjlti.mp4,0.9283004403114319
bamgpgbjtg.mp4,0.9163666367530823
banbcqfqmw.mp4,0.8219794034957886
banjrnjzhb.mp4,0.9193821549415588
banvwdrhmc.mp4,0.30953699350357056
baolpdzfsz.mp4,0.9819414615631104
baosvoxjxg.mp4,0.9131689071655273
baoszfmdlj.mp4,0.8360604047775269
baphsbkpbz.mp4,0.060234565287828445
baqeedculf.mp4,0.9153348803520203
baqledjaon.mp4,0.9483040571212769
barbcborgl.mp4,0.10075593739748001
barmlxxrpt.mp4,0.14813590049743652
batgqxfifq.mp4,0.8331925272941589
baummvrmhl.mp4,0.9542223215103149
bavhucvtaq.mp4,0.9036018252372742
bawhghlfoi.mp4,0.9846720099449158
baxdvqglnu.mp4,0.18271489441394806
baxpshhrhc.mp4,0.22141404449939728
bayuahaydv.mp4,0.9640001058578491
bazehalfin.mp4,0.8801426291465759
bazuuilpib.mp4,0.6912002563476562
bazxcobmhk.mp4,0.8189372420310974
bbagpnnxnv.mp4,0.7933374643325806
bbbyrusiwe.mp4,0.9617165327072144
bbcibscbkq.mp4,0.9345824122428894
bbcjkyhhuy.mp4,0.335462361574173
bbdeidcmgb.mp4,0.9211517572402954
bbdzssjeen.mp4,0.9638386964797974
bbenehhaze.mp4,0.8804968595504761
bbeouqcdzs.mp4,0.8246152997016907
bbeyhbquql.mp4,0.9511200785636902
bbeywofslk.mp4,0.9355573654174805
bbfbvvnaak.mp4,0.800116777420044
bbfflhbtsd.mp4,0.8790028691291809
bbfpygrvoa.mp4,0.9393308162689209
bbfwlhanjw.mp4,0.2761467695236206
bbfzunyiaj.mp4,0.8514429926872253
bbgkukkicj.mp4,0.8971555233001709
bbgtrsseht.mp4,0.8536667227745056
bbhjnxbdco.mp4,0.929537296295166
bbhlolixfd.mp4,0.32274702191352844
bbhrzugxmn.mp4,0.8992508053779602
bbivjcyvcv.mp4,0.9600203037261963
bbjqbowaaq.mp4,0.9632676839828491
bbjtivfdzq.mp4,0.958811342716217
bbjtxcqkns.mp4,0.6846746802330017
bbkpsxyjvs.mp4,0.4416160583496094
bblditzyqm.mp4,0.8962485790252686
bbltbwkpzh.mp4,0.46891695261001587
bbmxeiukxe.mp4,0.47636663913726807
bbnpuynemf.mp4,0.6712333559989929
bbnusepqeh.mp4,0.11590998619794846
bbomhhqbhk.mp4,0.9298807382583618
bbpjgsfveo.mp4,0.9422271847724915
bbuyagtrip.mp4,0.9354076385498047
bbvouhpoys.mp4,0.8180858492851257
bbvycfumal.mp4,0.9513092041015625
bbwffycqmr.mp4,0.9692249894142151
bbwndtahps.mp4,0.8865771889686584
bbxuciztza.mp4,0.9107078909873962
bbyapzzbbp.mp4,0.5768004059791565
bbyheffqbo.mp4,0.10113029181957245
bbynajqcsf.mp4,0.906548261642456
bbyzlvgllp.mp4,0.862220048904419
bbzdjgrlvl.mp4,0.9497917890548706
bcakmcwgit.mp4,0.8426598906517029
bcaswgbknh.mp4,0.050286319106817245
bcawixfkln.mp4,0.9209166765213013
bcawximqto.mp4,0.7026162147521973
bcaxndbaki.mp4,0.3077646493911743
bcbaodgold.mp4,0.05848683416843414
bcbrtcqtpt.mp4,0.067021943628788
bccaioaudk.mp4,0.9057039022445679
bcemixwldi.mp4,0.9132864475250244
bcenttyeoc.mp4,0.9501855373382568
bcgcdkjivz.mp4,0.8815363049507141
bcgievnwef.mp4,0.979221761226654
bcgjlsupne.mp4,0.06066817790269852
bcgjugkehl.mp4,0.6990891695022583
bcgzfrxbbz.mp4,0.11237942427396774
bchidnmojc.mp4,0.77321457862854
bcihtlgaqa.mp4,0.9431745409965515
bcijqbastj.mp4,0.6158396601676941
bcixruopcf.mp4,0.9313238859176636
bckjlnaiun.mp4,0.9286807179450989
bckorfknun.mp4,0.8941807150840759
bcktnbnnyv.mp4,0.9595729112625122
bclifiizok.mp4,0.9380149841308594
bclnjhoqol.mp4,0.9162256717681885
bclypwksbx.mp4,0.929597020149231
bcoorvngcn.mp4,0.9551678895950317
bcownucjtw.mp4,0.9222741723060608
bcoydxioxf.mp4,0.21601422131061554
bcpythngcj.mp4,0.7687248587608337
bcqqfmthwk.mp4,0.8319617509841919
bcrajtjljy.mp4,0.8988630175590515
bcrcdkrgiv.mp4,0.9383783936500549
bcsvkbjzwk.mp4,0.9463158249855042
bcsyzakipb.mp4,0.9135013222694397
bctwtzhnje.mp4,0.6916268467903137
bcudplyevq.mp4,0.9676538109779358
bculuffwko.mp4,0.7643465399742126
bcvcyvgowt.mp4,0.9429501295089722
bcvezeyggp.mp4,0.9263257384300232
bcvfczypjo.mp4,0.05438202992081642
bcwhokjvfn.mp4,0.30765047669410706
bcwpmauyhg.mp4,0.10428187996149063
bcwtjzsutw.mp4,0.7456750273704529
bcxojybwjj.mp4,0.8323516845703125
bcycmmnpnf.mp4,0.96641606092453
bczguerkpm.mp4,0.9125164747238159
bdaehxfzbk.mp4,0.24007505178451538
bdahtcivcd.mp4,0.9428070187568665
bdamapnuof.mp4,0.9105992913246155
bdazqodumh.mp4,0.8688329458236694
bdbfpoumql.mp4,0.5524663329124451
bdbofdzikv.mp4,0.8970109820365906
bdbryopkaa.mp4,0.8829815983772278
bdcbrzfphv.mp4,0.7620546221733093
bdchfgyrzo.mp4,0.9791659712791443
bdcvtxwdob.mp4,0.17336824536323547
bdddojeyaz.mp4,0.8533657789230347
bdeniywtnn.mp4,0.3071938753128052
bdftdpohva.mp4,0.9424929022789001
bdgmavlwan.mp4,0.969287097454071
bdhcxanaqy.mp4,0.9800527095794678
bdhnxeeitg.mp4,0.9062701463699341
bdinoddvte.mp4,0.954121470451355
bdiointpxx.mp4,0.9668922424316406
bdiswjfefc.mp4,0.9555893540382385
bdivrfxtqv.mp4,0.926243245601654
bdjxzbtadn.mp4,0.9182049632072449
bdkazhizye.mp4,0.6854801177978516
bdkgwjldke.mp4,0.879332423210144
bdkjxdndjn.mp4,0.8668529391288757
bdmcnjipbq.mp4,0.43632957339286804
bdmhjkrxoj.mp4,0.45940566062927246
bdmjcelmcs.mp4,0.8883280158042908
bdmvjkonon.mp4,0.9663456678390503
bdnesbbphy.mp4,0.10250484198331833
bdocvgclcs.mp4,0.846389889717102
